turnoff pc, poweroff
turnoff personal computer, poweroff
turnoff laptop, poweroff
turnoff computer, poweroff
turnoff my laptop, poweroff
turnoff machine, poweroff
turnoff my machine, poweroff
turnoff system, poweroff
turnoff the system, poweroff
turnoff kernel, poweroff
turn off pc, poweroff
turn off personal computer, poweroff
turn off laptop, poweroff
turn off computer, poweroff
turn off my laptop, poweroff
turn off machine, poweroff
turn off my machine, poweroff
turn off system, poweroff
turn off the system, poweroff
turn off kernel, poweroff
poweroff pc, poweroff
poweroff personal computer, poweroff
poweroff laptop, poweroff
poweroff computer, poweroff
poweroff my laptop, poweroff
poweroff machine, poweroff
poweroff my machine, poweroff
poweroff system, poweroff
poweroff the system, poweroff
poweroff kernel, poweroff
power-off pc, poweroff
power-off personal computer, poweroff
power-off laptop, poweroff
power-off computer, poweroff
power-off my laptop, poweroff
power-off machine, poweroff
power-off my machine, poweroff
power-off system, poweroff
power-off the system, poweroff
power-off kernel, poweroff
shutdown pc, poweroff
shutdown personal computer, poweroff
shutdown laptop, poweroff
shutdown computer, poweroff
shutdown my laptop, poweroff
shutdown machine, poweroff
shutdown my machine, poweroff
shutdown system, poweroff
shutdown the system, poweroff
shutdown kernel, poweroff
close pc, poweroff
close personal computer, poweroff
close laptop, poweroff
close computer, poweroff
close my laptop, poweroff
close machine, poweroff
close my machine, poweroff
close system, poweroff
close the system, poweroff
close kernel, poweroff
terminate pc, poweroff
terminate personal computer, poweroff
terminate laptop, poweroff
terminate computer, poweroff
terminate my laptop, poweroff
terminate machine, poweroff
terminate my machine, poweroff
terminate system, poweroff
terminate the system, poweroff
terminate kernel, poweroff
i want to turnoff pc, poweroff
i want to turnoff personal computer, poweroff
i want to turnoff laptop, poweroff
i want to turnoff computer, poweroff
i want to turnoff my laptop, poweroff
i want to turnoff machine, poweroff
i want to turnoff my machine, poweroff
i want to turnoff system, poweroff
i want to turnoff the system, poweroff
i want to turnoff kernel, poweroff
i want to turn off pc, poweroff
i want to turn off personal computer, poweroff
i want to turn off laptop, poweroff
i want to turn off computer, poweroff
i want to turn off my laptop, poweroff
i want to turn off machine, poweroff
i want to turn off my machine, poweroff
i want to turn off system, poweroff
i want to turn off the system, poweroff
i want to turn off kernel, poweroff
i want to poweroff pc, poweroff
i want to poweroff personal computer, poweroff
i want to poweroff laptop, poweroff
i want to poweroff computer, poweroff
i want to poweroff my laptop, poweroff
i want to poweroff machine, poweroff
i want to poweroff my machine, poweroff
i want to poweroff system, poweroff
i want to poweroff the system, poweroff
i want to poweroff kernel, poweroff
i want to power-off pc, poweroff
i want to power-off personal computer, poweroff
i want to power-off laptop, poweroff
i want to power-off computer, poweroff
i want to power-off my laptop, poweroff
i want to power-off machine, poweroff
i want to power-off my machine, poweroff
i want to power-off system, poweroff
i want to power-off the system, poweroff
i want to power-off kernel, poweroff
i want to shutdown pc, poweroff
i want to shutdown personal computer, poweroff
i want to shutdown laptop, poweroff
i want to shutdown computer, poweroff
i want to shutdown my laptop, poweroff
i want to shutdown machine, poweroff
i want to shutdown my machine, poweroff
i want to shutdown system, poweroff
i want to shutdown the system, poweroff
i want to shutdown kernel, poweroff
i want to close pc, poweroff
i want to close personal computer, poweroff
i want to close laptop, poweroff
i want to close computer, poweroff
i want to close my laptop, poweroff
i want to close machine, poweroff
i want to close my machine, poweroff
i want to close system, poweroff
i want to close the system, poweroff
i want to close kernel, poweroff
i want to terminate pc, poweroff
i want to terminate personal computer, poweroff
i want to terminate laptop, poweroff
i want to terminate computer, poweroff
i want to terminate my laptop, poweroff
i want to terminate machine, poweroff
i want to terminate my machine, poweroff
i want to terminate system, poweroff
i want to terminate the system, poweroff
i want to terminate kernel, poweroff
i need to turnoff pc, poweroff
i need to turnoff personal computer, poweroff
i need to turnoff laptop, poweroff
i need to turnoff computer, poweroff
i need to turnoff my laptop, poweroff
i need to turnoff machine, poweroff
i need to turnoff my machine, poweroff
i need to turnoff system, poweroff
i need to turnoff the system, poweroff
i need to turnoff kernel, poweroff
i need to turn off pc, poweroff
i need to turn off personal computer, poweroff
i need to turn off laptop, poweroff
i need to turn off computer, poweroff
i need to turn off my laptop, poweroff
i need to turn off machine, poweroff
i need to turn off my machine, poweroff
i need to turn off system, poweroff
i need to turn off the system, poweroff
i need to turn off kernel, poweroff
i need to poweroff pc, poweroff
i need to poweroff personal computer, poweroff
i need to poweroff laptop, poweroff
i need to poweroff computer, poweroff
i need to poweroff my laptop, poweroff
i need to poweroff machine, poweroff
i need to poweroff my machine, poweroff
i need to poweroff system, poweroff
i need to poweroff the system, poweroff
i need to poweroff kernel, poweroff
i need to power-off pc, poweroff
i need to power-off personal computer, poweroff
i need to power-off laptop, poweroff
i need to power-off computer, poweroff
i need to power-off my laptop, poweroff
i need to power-off machine, poweroff
i need to power-off my machine, poweroff
i need to power-off system, poweroff
i need to power-off the system, poweroff
i need to power-off kernel, poweroff
i need to shutdown pc, poweroff
i need to shutdown personal computer, poweroff
i need to shutdown laptop, poweroff
i need to shutdown computer, poweroff
i need to shutdown my laptop, poweroff
i need to shutdown machine, poweroff
i need to shutdown my machine, poweroff
i need to shutdown system, poweroff
i need to shutdown the system, poweroff
i need to shutdown kernel, poweroff
i need to close pc, poweroff
i need to close personal computer, poweroff
i need to close laptop, poweroff
i need to close computer, poweroff
i need to close my laptop, poweroff
i need to close machine, poweroff
i need to close my machine, poweroff
i need to close system, poweroff
i need to close the system, poweroff
i need to close kernel, poweroff
i need to terminate pc, poweroff
i need to terminate personal computer, poweroff
i need to terminate laptop, poweroff
i need to terminate computer, poweroff
i need to terminate my laptop, poweroff
i need to terminate machine, poweroff
i need to terminate my machine, poweroff
i need to terminate system, poweroff
i need to terminate the system, poweroff
i need to terminate kernel, poweroff
i wish to turnoff pc, poweroff
i wish to turnoff personal computer, poweroff
i wish to turnoff laptop, poweroff
i wish to turnoff computer, poweroff
i wish to turnoff my laptop, poweroff
i wish to turnoff machine, poweroff
i wish to turnoff my machine, poweroff
i wish to turnoff system, poweroff
i wish to turnoff the system, poweroff
i wish to turnoff kernel, poweroff
i wish to turn off pc, poweroff
i wish to turn off personal computer, poweroff
i wish to turn off laptop, poweroff
i wish to turn off computer, poweroff
i wish to turn off my laptop, poweroff
i wish to turn off machine, poweroff
i wish to turn off my machine, poweroff
i wish to turn off system, poweroff
i wish to turn off the system, poweroff
i wish to turn off kernel, poweroff
i wish to poweroff pc, poweroff
i wish to poweroff personal computer, poweroff
i wish to poweroff laptop, poweroff
i wish to poweroff computer, poweroff
i wish to poweroff my laptop, poweroff
i wish to poweroff machine, poweroff
i wish to poweroff my machine, poweroff
i wish to poweroff system, poweroff
i wish to poweroff the system, poweroff
i wish to poweroff kernel, poweroff
i wish to power-off pc, poweroff
i wish to power-off personal computer, poweroff
i wish to power-off laptop, poweroff
i wish to power-off computer, poweroff
i wish to power-off my laptop, poweroff
i wish to power-off machine, poweroff
i wish to power-off my machine, poweroff
i wish to power-off system, poweroff
i wish to power-off the system, poweroff
i wish to power-off kernel, poweroff
i wish to shutdown pc, poweroff
i wish to shutdown personal computer, poweroff
i wish to shutdown laptop, poweroff
i wish to shutdown computer, poweroff
i wish to shutdown my laptop, poweroff
i wish to shutdown machine, poweroff
i wish to shutdown my machine, poweroff
i wish to shutdown system, poweroff
i wish to shutdown the system, poweroff
i wish to shutdown kernel, poweroff
i wish to close pc, poweroff
i wish to close personal computer, poweroff
i wish to close laptop, poweroff
i wish to close computer, poweroff
i wish to close my laptop, poweroff
i wish to close machine, poweroff
i wish to close my machine, poweroff
i wish to close system, poweroff
i wish to close the system, poweroff
i wish to close kernel, poweroff
i wish to terminate pc, poweroff
i wish to terminate personal computer, poweroff
i wish to terminate laptop, poweroff
i wish to terminate computer, poweroff
i wish to terminate my laptop, poweroff
i wish to terminate machine, poweroff
i wish to terminate my machine, poweroff
i wish to terminate system, poweroff
i wish to terminate the system, poweroff
i wish to terminate kernel, poweroff
i demand to turnoff pc, poweroff
i demand to turnoff personal computer, poweroff
i demand to turnoff laptop, poweroff
i demand to turnoff computer, poweroff
i demand to turnoff my laptop, poweroff
i demand to turnoff machine, poweroff
i demand to turnoff my machine, poweroff
i demand to turnoff system, poweroff
i demand to turnoff the system, poweroff
i demand to turnoff kernel, poweroff
i demand to turn off pc, poweroff
i demand to turn off personal computer, poweroff
i demand to turn off laptop, poweroff
i demand to turn off computer, poweroff
i demand to turn off my laptop, poweroff
i demand to turn off machine, poweroff
i demand to turn off my machine, poweroff
i demand to turn off system, poweroff
i demand to turn off the system, poweroff
i demand to turn off kernel, poweroff
i demand to poweroff pc, poweroff
i demand to poweroff personal computer, poweroff
i demand to poweroff laptop, poweroff
i demand to poweroff computer, poweroff
i demand to poweroff my laptop, poweroff
i demand to poweroff machine, poweroff
i demand to poweroff my machine, poweroff
i demand to poweroff system, poweroff
i demand to poweroff the system, poweroff
i demand to poweroff kernel, poweroff
i demand to power-off pc, poweroff
i demand to power-off personal computer, poweroff
i demand to power-off laptop, poweroff
i demand to power-off computer, poweroff
i demand to power-off my laptop, poweroff
i demand to power-off machine, poweroff
i demand to power-off my machine, poweroff
i demand to power-off system, poweroff
i demand to power-off the system, poweroff
i demand to power-off kernel, poweroff
i demand to shutdown pc, poweroff
i demand to shutdown personal computer, poweroff
i demand to shutdown laptop, poweroff
i demand to shutdown computer, poweroff
i demand to shutdown my laptop, poweroff
i demand to shutdown machine, poweroff
i demand to shutdown my machine, poweroff
i demand to shutdown system, poweroff
i demand to shutdown the system, poweroff
i demand to shutdown kernel, poweroff
i demand to close pc, poweroff
i demand to close personal computer, poweroff
i demand to close laptop, poweroff
i demand to close computer, poweroff
i demand to close my laptop, poweroff
i demand to close machine, poweroff
i demand to close my machine, poweroff
i demand to close system, poweroff
i demand to close the system, poweroff
i demand to close kernel, poweroff
i demand to terminate pc, poweroff
i demand to terminate personal computer, poweroff
i demand to terminate laptop, poweroff
i demand to terminate computer, poweroff
i demand to terminate my laptop, poweroff
i demand to terminate machine, poweroff
i demand to terminate my machine, poweroff
i demand to terminate system, poweroff
i demand to terminate the system, poweroff
i demand to terminate kernel, poweroff
i long to turnoff pc, poweroff
i long to turnoff personal computer, poweroff
i long to turnoff laptop, poweroff
i long to turnoff computer, poweroff
i long to turnoff my laptop, poweroff
i long to turnoff machine, poweroff
i long to turnoff my machine, poweroff
i long to turnoff system, poweroff
i long to turnoff the system, poweroff
i long to turnoff kernel, poweroff
i long to turn off pc, poweroff
i long to turn off personal computer, poweroff
i long to turn off laptop, poweroff
i long to turn off computer, poweroff
i long to turn off my laptop, poweroff
i long to turn off machine, poweroff
i long to turn off my machine, poweroff
i long to turn off system, poweroff
i long to turn off the system, poweroff
i long to turn off kernel, poweroff
i long to poweroff pc, poweroff
i long to poweroff personal computer, poweroff
i long to poweroff laptop, poweroff
i long to poweroff computer, poweroff
i long to poweroff my laptop, poweroff
i long to poweroff machine, poweroff
i long to poweroff my machine, poweroff
i long to poweroff system, poweroff
i long to poweroff the system, poweroff
i long to poweroff kernel, poweroff
i long to power-off pc, poweroff
i long to power-off personal computer, poweroff
i long to power-off laptop, poweroff
i long to power-off computer, poweroff
i long to power-off my laptop, poweroff
i long to power-off machine, poweroff
i long to power-off my machine, poweroff
i long to power-off system, poweroff
i long to power-off the system, poweroff
i long to power-off kernel, poweroff
i long to shutdown pc, poweroff
i long to shutdown personal computer, poweroff
i long to shutdown laptop, poweroff
i long to shutdown computer, poweroff
i long to shutdown my laptop, poweroff
i long to shutdown machine, poweroff
i long to shutdown my machine, poweroff
i long to shutdown system, poweroff
i long to shutdown the system, poweroff
i long to shutdown kernel, poweroff
i long to close pc, poweroff
i long to close personal computer, poweroff
i long to close laptop, poweroff
i long to close computer, poweroff
i long to close my laptop, poweroff
i long to close machine, poweroff
i long to close my machine, poweroff
i long to close system, poweroff
i long to close the system, poweroff
i long to close kernel, poweroff
i long to terminate pc, poweroff
i long to terminate personal computer, poweroff
i long to terminate laptop, poweroff
i long to terminate computer, poweroff
i long to terminate my laptop, poweroff
i long to terminate machine, poweroff
i long to terminate my machine, poweroff
i long to terminate system, poweroff
i long to terminate the system, poweroff
i long to terminate kernel, poweroff
reboot pc, reboot
reboot laptop, reboot
reboot computer, reboot
reboot my laptop, reboot
reboot machine, reboot
reboot my machine, reboot
reboot system, reboot
reboot the system, reboot
reboot kernel, reboot
restart pc, reboot
restart laptop, reboot
restart computer, reboot
restart my laptop, reboot
restart machine, reboot
restart my machine, reboot
restart system, reboot
restart the system, reboot
restart kernel, reboot
reset pc, reboot
reset laptop, reboot
reset computer, reboot
reset my laptop, reboot
reset machine, reboot
reset my machine, reboot
reset system, reboot
reset the system, reboot
reset kernel, reboot
reestablish pc, reboot
reestablish laptop, reboot
reestablish computer, reboot
reestablish my laptop, reboot
reestablish machine, reboot
reestablish my machine, reboot
reestablish system, reboot
reestablish the system, reboot
reestablish kernel, reboot
reopen pc, reboot
reopen laptop, reboot
reopen computer, reboot
reopen my laptop, reboot
reopen machine, reboot
reopen my machine, reboot
reopen system, reboot
reopen the system, reboot
reopen kernel, reboot
i want to reboot pc, reboot
i want to reboot laptop, reboot
i want to reboot computer, reboot
i want to reboot my laptop, reboot
i want to reboot machine, reboot
i want to reboot my machine, reboot
i want to reboot system, reboot
i want to reboot the system, reboot
i want to reboot kernel, reboot
i want to restart pc, reboot
i want to restart laptop, reboot
i want to restart computer, reboot
i want to restart my laptop, reboot
i want to restart machine, reboot
i want to restart my machine, reboot
i want to restart system, reboot
i want to restart the system, reboot
i want to restart kernel, reboot
i want to reset pc, reboot
i want to reset laptop, reboot
i want to reset computer, reboot
i want to reset my laptop, reboot
i want to reset machine, reboot
i want to reset my machine, reboot
i want to reset system, reboot
i want to reset the system, reboot
i want to reset kernel, reboot
i want to reestablish pc, reboot
i want to reestablish laptop, reboot
i want to reestablish computer, reboot
i want to reestablish my laptop, reboot
i want to reestablish machine, reboot
i want to reestablish my machine, reboot
i want to reestablish system, reboot
i want to reestablish the system, reboot
i want to reestablish kernel, reboot
i want to reopen pc, reboot
i want to reopen laptop, reboot
i want to reopen computer, reboot
i want to reopen my laptop, reboot
i want to reopen machine, reboot
i want to reopen my machine, reboot
i want to reopen system, reboot
i want to reopen the system, reboot
i want to reopen kernel, reboot
i need to reboot pc, reboot
i need to reboot laptop, reboot
i need to reboot computer, reboot
i need to reboot my laptop, reboot
i need to reboot machine, reboot
i need to reboot my machine, reboot
i need to reboot system, reboot
i need to reboot the system, reboot
i need to reboot kernel, reboot
i need to restart pc, reboot
i need to restart laptop, reboot
i need to restart computer, reboot
i need to restart my laptop, reboot
i need to restart machine, reboot
i need to restart my machine, reboot
i need to restart system, reboot
i need to restart the system, reboot
i need to restart kernel, reboot
i need to reset pc, reboot
i need to reset laptop, reboot
i need to reset computer, reboot
i need to reset my laptop, reboot
i need to reset machine, reboot
i need to reset my machine, reboot
i need to reset system, reboot
i need to reset the system, reboot
i need to reset kernel, reboot
i need to reestablish pc, reboot
i need to reestablish laptop, reboot
i need to reestablish computer, reboot
i need to reestablish my laptop, reboot
i need to reestablish machine, reboot
i need to reestablish my machine, reboot
i need to reestablish system, reboot
i need to reestablish the system, reboot
i need to reestablish kernel, reboot
i need to reopen pc, reboot
i need to reopen laptop, reboot
i need to reopen computer, reboot
i need to reopen my laptop, reboot
i need to reopen machine, reboot
i need to reopen my machine, reboot
i need to reopen system, reboot
i need to reopen the system, reboot
i need to reopen kernel, reboot
i wish to reboot pc, reboot
i wish to reboot laptop, reboot
i wish to reboot computer, reboot
i wish to reboot my laptop, reboot
i wish to reboot machine, reboot
i wish to reboot my machine, reboot
i wish to reboot system, reboot
i wish to reboot the system, reboot
i wish to reboot kernel, reboot
i wish to restart pc, reboot
i wish to restart laptop, reboot
i wish to restart computer, reboot
i wish to restart my laptop, reboot
i wish to restart machine, reboot
i wish to restart my machine, reboot
i wish to restart system, reboot
i wish to restart the system, reboot
i wish to restart kernel, reboot
i wish to reset pc, reboot
i wish to reset laptop, reboot
i wish to reset computer, reboot
i wish to reset my laptop, reboot
i wish to reset machine, reboot
i wish to reset my machine, reboot
i wish to reset system, reboot
i wish to reset the system, reboot
i wish to reset kernel, reboot
i wish to reestablish pc, reboot
i wish to reestablish laptop, reboot
i wish to reestablish computer, reboot
i wish to reestablish my laptop, reboot
i wish to reestablish machine, reboot
i wish to reestablish my machine, reboot
i wish to reestablish system, reboot
i wish to reestablish the system, reboot
i wish to reestablish kernel, reboot
i wish to reopen pc, reboot
i wish to reopen laptop, reboot
i wish to reopen computer, reboot
i wish to reopen my laptop, reboot
i wish to reopen machine, reboot
i wish to reopen my machine, reboot
i wish to reopen system, reboot
i wish to reopen the system, reboot
i wish to reopen kernel, reboot
i demand to reboot pc, reboot
i demand to reboot laptop, reboot
i demand to reboot computer, reboot
i demand to reboot my laptop, reboot
i demand to reboot machine, reboot
i demand to reboot my machine, reboot
i demand to reboot system, reboot
i demand to reboot the system, reboot
i demand to reboot kernel, reboot
i demand to restart pc, reboot
i demand to restart laptop, reboot
i demand to restart computer, reboot
i demand to restart my laptop, reboot
i demand to restart machine, reboot
i demand to restart my machine, reboot
i demand to restart system, reboot
i demand to restart the system, reboot
i demand to restart kernel, reboot
i demand to reset pc, reboot
i demand to reset laptop, reboot
i demand to reset computer, reboot
i demand to reset my laptop, reboot
i demand to reset machine, reboot
i demand to reset my machine, reboot
i demand to reset system, reboot
i demand to reset the system, reboot
i demand to reset kernel, reboot
i demand to reestablish pc, reboot
i demand to reestablish laptop, reboot
i demand to reestablish computer, reboot
i demand to reestablish my laptop, reboot
i demand to reestablish machine, reboot
i demand to reestablish my machine, reboot
i demand to reestablish system, reboot
i demand to reestablish the system, reboot
i demand to reestablish kernel, reboot
i demand to reopen pc, reboot
i demand to reopen laptop, reboot
i demand to reopen computer, reboot
i demand to reopen my laptop, reboot
i demand to reopen machine, reboot
i demand to reopen my machine, reboot
i demand to reopen system, reboot
i demand to reopen the system, reboot
i demand to reopen kernel, reboot
i long to reboot pc, reboot
i long to reboot laptop, reboot
i long to reboot computer, reboot
i long to reboot my laptop, reboot
i long to reboot machine, reboot
i long to reboot my machine, reboot
i long to reboot system, reboot
i long to reboot the system, reboot
i long to reboot kernel, reboot
i long to restart pc, reboot
i long to restart laptop, reboot
i long to restart computer, reboot
i long to restart my laptop, reboot
i long to restart machine, reboot
i long to restart my machine, reboot
i long to restart system, reboot
i long to restart the system, reboot
i long to restart kernel, reboot
i long to reset pc, reboot
i long to reset laptop, reboot
i long to reset computer, reboot
i long to reset my laptop, reboot
i long to reset machine, reboot
i long to reset my machine, reboot
i long to reset system, reboot
i long to reset the system, reboot
i long to reset kernel, reboot
i long to reestablish pc, reboot
i long to reestablish laptop, reboot
i long to reestablish computer, reboot
i long to reestablish my laptop, reboot
i long to reestablish machine, reboot
i long to reestablish my machine, reboot
i long to reestablish system, reboot
i long to reestablish the system, reboot
i long to reestablish kernel, reboot
i long to reopen pc, reboot
i long to reopen laptop, reboot
i long to reopen computer, reboot
i long to reopen my laptop, reboot
i long to reopen machine, reboot
i long to reopen my machine, reboot
i long to reopen system, reboot
i long to reopen the system, reboot
i long to reopen kernel, reboot
suspend pc, systemctl suspend
suspend laptop, systemctl suspend
suspend computer, systemctl suspend
suspend my laptop, systemctl suspend
suspend machine, systemctl suspend
suspend my machine, systemctl suspend
suspend system, systemctl suspend
suspend the system, systemctl suspend
suspend kernel, systemctl suspend
sleep pc, systemctl suspend
sleep laptop, systemctl suspend
sleep computer, systemctl suspend
sleep my laptop, systemctl suspend
sleep machine, systemctl suspend
sleep my machine, systemctl suspend
sleep system, systemctl suspend
sleep the system, systemctl suspend
sleep kernel, systemctl suspend
bedtime pc, systemctl suspend
bedtime laptop, systemctl suspend
bedtime computer, systemctl suspend
bedtime my laptop, systemctl suspend
bedtime machine, systemctl suspend
bedtime my machine, systemctl suspend
bedtime system, systemctl suspend
bedtime the system, systemctl suspend
bedtime kernel, systemctl suspend
nap pc, systemctl suspend
nap laptop, systemctl suspend
nap computer, systemctl suspend
nap my laptop, systemctl suspend
nap machine, systemctl suspend
nap my machine, systemctl suspend
nap system, systemctl suspend
nap the system, systemctl suspend
nap kernel, systemctl suspend
siesta pc, systemctl suspend
siesta laptop, systemctl suspend
siesta computer, systemctl suspend
siesta my laptop, systemctl suspend
siesta machine, systemctl suspend
siesta my machine, systemctl suspend
siesta system, systemctl suspend
siesta the system, systemctl suspend
siesta kernel, systemctl suspend
snooze pc, systemctl suspend
snooze laptop, systemctl suspend
snooze computer, systemctl suspend
snooze my laptop, systemctl suspend
snooze machine, systemctl suspend
snooze my machine, systemctl suspend
snooze system, systemctl suspend
snooze the system, systemctl suspend
snooze kernel, systemctl suspend
i want to suspend pc, systemctl suspend
i want to suspend laptop, systemctl suspend
i want to suspend computer, systemctl suspend
i want to suspend my laptop, systemctl suspend
i want to suspend machine, systemctl suspend
i want to suspend my machine, systemctl suspend
i want to suspend system, systemctl suspend
i want to suspend the system, systemctl suspend
i want to suspend kernel, systemctl suspend
i want to sleep pc, systemctl suspend
i want to sleep laptop, systemctl suspend
i want to sleep computer, systemctl suspend
i want to sleep my laptop, systemctl suspend
i want to sleep machine, systemctl suspend
i want to sleep my machine, systemctl suspend
i want to sleep system, systemctl suspend
i want to sleep the system, systemctl suspend
i want to sleep kernel, systemctl suspend
i want to bedtime pc, systemctl suspend
i want to bedtime laptop, systemctl suspend
i want to bedtime computer, systemctl suspend
i want to bedtime my laptop, systemctl suspend
i want to bedtime machine, systemctl suspend
i want to bedtime my machine, systemctl suspend
i want to bedtime system, systemctl suspend
i want to bedtime the system, systemctl suspend
i want to bedtime kernel, systemctl suspend
i want to nap pc, systemctl suspend
i want to nap laptop, systemctl suspend
i want to nap computer, systemctl suspend
i want to nap my laptop, systemctl suspend
i want to nap machine, systemctl suspend
i want to nap my machine, systemctl suspend
i want to nap system, systemctl suspend
i want to nap the system, systemctl suspend
i want to nap kernel, systemctl suspend
i want to siesta pc, systemctl suspend
i want to siesta laptop, systemctl suspend
i want to siesta computer, systemctl suspend
i want to siesta my laptop, systemctl suspend
i want to siesta machine, systemctl suspend
i want to siesta my machine, systemctl suspend
i want to siesta system, systemctl suspend
i want to siesta the system, systemctl suspend
i want to siesta kernel, systemctl suspend
i want to snooze pc, systemctl suspend
i want to snooze laptop, systemctl suspend
i want to snooze computer, systemctl suspend
i want to snooze my laptop, systemctl suspend
i want to snooze machine, systemctl suspend
i want to snooze my machine, systemctl suspend
i want to snooze system, systemctl suspend
i want to snooze the system, systemctl suspend
i want to snooze kernel, systemctl suspend
i need to suspend pc, systemctl suspend
i need to suspend laptop, systemctl suspend
i need to suspend computer, systemctl suspend
i need to suspend my laptop, systemctl suspend
i need to suspend machine, systemctl suspend
i need to suspend my machine, systemctl suspend
i need to suspend system, systemctl suspend
i need to suspend the system, systemctl suspend
i need to suspend kernel, systemctl suspend
i need to sleep pc, systemctl suspend
i need to sleep laptop, systemctl suspend
i need to sleep computer, systemctl suspend
i need to sleep my laptop, systemctl suspend
i need to sleep machine, systemctl suspend
i need to sleep my machine, systemctl suspend
i need to sleep system, systemctl suspend
i need to sleep the system, systemctl suspend
i need to sleep kernel, systemctl suspend
i need to bedtime pc, systemctl suspend
i need to bedtime laptop, systemctl suspend
i need to bedtime computer, systemctl suspend
i need to bedtime my laptop, systemctl suspend
i need to bedtime machine, systemctl suspend
i need to bedtime my machine, systemctl suspend
i need to bedtime system, systemctl suspend
i need to bedtime the system, systemctl suspend
i need to bedtime kernel, systemctl suspend
i need to nap pc, systemctl suspend
i need to nap laptop, systemctl suspend
i need to nap computer, systemctl suspend
i need to nap my laptop, systemctl suspend
i need to nap machine, systemctl suspend
i need to nap my machine, systemctl suspend
i need to nap system, systemctl suspend
i need to nap the system, systemctl suspend
i need to nap kernel, systemctl suspend
i need to siesta pc, systemctl suspend
i need to siesta laptop, systemctl suspend
i need to siesta computer, systemctl suspend
i need to siesta my laptop, systemctl suspend
i need to siesta machine, systemctl suspend
i need to siesta my machine, systemctl suspend
i need to siesta system, systemctl suspend
i need to siesta the system, systemctl suspend
i need to siesta kernel, systemctl suspend
i need to snooze pc, systemctl suspend
i need to snooze laptop, systemctl suspend
i need to snooze computer, systemctl suspend
i need to snooze my laptop, systemctl suspend
i need to snooze machine, systemctl suspend
i need to snooze my machine, systemctl suspend
i need to snooze system, systemctl suspend
i need to snooze the system, systemctl suspend
i need to snooze kernel, systemctl suspend
i wish to suspend pc, systemctl suspend
i wish to suspend laptop, systemctl suspend
i wish to suspend computer, systemctl suspend
i wish to suspend my laptop, systemctl suspend
i wish to suspend machine, systemctl suspend
i wish to suspend my machine, systemctl suspend
i wish to suspend system, systemctl suspend
i wish to suspend the system, systemctl suspend
i wish to suspend kernel, systemctl suspend
i wish to sleep pc, systemctl suspend
i wish to sleep laptop, systemctl suspend
i wish to sleep computer, systemctl suspend
i wish to sleep my laptop, systemctl suspend
i wish to sleep machine, systemctl suspend
i wish to sleep my machine, systemctl suspend
i wish to sleep system, systemctl suspend
i wish to sleep the system, systemctl suspend
i wish to sleep kernel, systemctl suspend
i wish to bedtime pc, systemctl suspend
i wish to bedtime laptop, systemctl suspend
i wish to bedtime computer, systemctl suspend
i wish to bedtime my laptop, systemctl suspend
i wish to bedtime machine, systemctl suspend
i wish to bedtime my machine, systemctl suspend
i wish to bedtime system, systemctl suspend
i wish to bedtime the system, systemctl suspend
i wish to bedtime kernel, systemctl suspend
i wish to nap pc, systemctl suspend
i wish to nap laptop, systemctl suspend
i wish to nap computer, systemctl suspend
i wish to nap my laptop, systemctl suspend
i wish to nap machine, systemctl suspend
i wish to nap my machine, systemctl suspend
i wish to nap system, systemctl suspend
i wish to nap the system, systemctl suspend
i wish to nap kernel, systemctl suspend
i wish to siesta pc, systemctl suspend
i wish to siesta laptop, systemctl suspend
i wish to siesta computer, systemctl suspend
i wish to siesta my laptop, systemctl suspend
i wish to siesta machine, systemctl suspend
i wish to siesta my machine, systemctl suspend
i wish to siesta system, systemctl suspend
i wish to siesta the system, systemctl suspend
i wish to siesta kernel, systemctl suspend
i wish to snooze pc, systemctl suspend
i wish to snooze laptop, systemctl suspend
i wish to snooze computer, systemctl suspend
i wish to snooze my laptop, systemctl suspend
i wish to snooze machine, systemctl suspend
i wish to snooze my machine, systemctl suspend
i wish to snooze system, systemctl suspend
i wish to snooze the system, systemctl suspend
i wish to snooze kernel, systemctl suspend
i demand to suspend pc, systemctl suspend
i demand to suspend laptop, systemctl suspend
i demand to suspend computer, systemctl suspend
i demand to suspend my laptop, systemctl suspend
i demand to suspend machine, systemctl suspend
i demand to suspend my machine, systemctl suspend
i demand to suspend system, systemctl suspend
i demand to suspend the system, systemctl suspend
i demand to suspend kernel, systemctl suspend
i demand to sleep pc, systemctl suspend
i demand to sleep laptop, systemctl suspend
i demand to sleep computer, systemctl suspend
i demand to sleep my laptop, systemctl suspend
i demand to sleep machine, systemctl suspend
i demand to sleep my machine, systemctl suspend
i demand to sleep system, systemctl suspend
i demand to sleep the system, systemctl suspend
i demand to sleep kernel, systemctl suspend
i demand to bedtime pc, systemctl suspend
i demand to bedtime laptop, systemctl suspend
i demand to bedtime computer, systemctl suspend
i demand to bedtime my laptop, systemctl suspend
i demand to bedtime machine, systemctl suspend
i demand to bedtime my machine, systemctl suspend
i demand to bedtime system, systemctl suspend
i demand to bedtime the system, systemctl suspend
i demand to bedtime kernel, systemctl suspend
i demand to nap pc, systemctl suspend
i demand to nap laptop, systemctl suspend
i demand to nap computer, systemctl suspend
i demand to nap my laptop, systemctl suspend
i demand to nap machine, systemctl suspend
i demand to nap my machine, systemctl suspend
i demand to nap system, systemctl suspend
i demand to nap the system, systemctl suspend
i demand to nap kernel, systemctl suspend
i demand to siesta pc, systemctl suspend
i demand to siesta laptop, systemctl suspend
i demand to siesta computer, systemctl suspend
i demand to siesta my laptop, systemctl suspend
i demand to siesta machine, systemctl suspend
i demand to siesta my machine, systemctl suspend
i demand to siesta system, systemctl suspend
i demand to siesta the system, systemctl suspend
i demand to siesta kernel, systemctl suspend
i demand to snooze pc, systemctl suspend
i demand to snooze laptop, systemctl suspend
i demand to snooze computer, systemctl suspend
i demand to snooze my laptop, systemctl suspend
i demand to snooze machine, systemctl suspend
i demand to snooze my machine, systemctl suspend
i demand to snooze system, systemctl suspend
i demand to snooze the system, systemctl suspend
i demand to snooze kernel, systemctl suspend
i long to suspend pc, systemctl suspend
i long to suspend laptop, systemctl suspend
i long to suspend computer, systemctl suspend
i long to suspend my laptop, systemctl suspend
i long to suspend machine, systemctl suspend
i long to suspend my machine, systemctl suspend
i long to suspend system, systemctl suspend
i long to suspend the system, systemctl suspend
i long to suspend kernel, systemctl suspend
i long to sleep pc, systemctl suspend
i long to sleep laptop, systemctl suspend
i long to sleep computer, systemctl suspend
i long to sleep my laptop, systemctl suspend
i long to sleep machine, systemctl suspend
i long to sleep my machine, systemctl suspend
i long to sleep system, systemctl suspend
i long to sleep the system, systemctl suspend
i long to sleep kernel, systemctl suspend
i long to bedtime pc, systemctl suspend
i long to bedtime laptop, systemctl suspend
i long to bedtime computer, systemctl suspend
i long to bedtime my laptop, systemctl suspend
i long to bedtime machine, systemctl suspend
i long to bedtime my machine, systemctl suspend
i long to bedtime system, systemctl suspend
i long to bedtime the system, systemctl suspend
i long to bedtime kernel, systemctl suspend
i long to nap pc, systemctl suspend
i long to nap laptop, systemctl suspend
i long to nap computer, systemctl suspend
i long to nap my laptop, systemctl suspend
i long to nap machine, systemctl suspend
i long to nap my machine, systemctl suspend
i long to nap system, systemctl suspend
i long to nap the system, systemctl suspend
i long to nap kernel, systemctl suspend
i long to siesta pc, systemctl suspend
i long to siesta laptop, systemctl suspend
i long to siesta computer, systemctl suspend
i long to siesta my laptop, systemctl suspend
i long to siesta machine, systemctl suspend
i long to siesta my machine, systemctl suspend
i long to siesta system, systemctl suspend
i long to siesta the system, systemctl suspend
i long to siesta kernel, systemctl suspend
i long to snooze pc, systemctl suspend
i long to snooze laptop, systemctl suspend
i long to snooze computer, systemctl suspend
i long to snooze my laptop, systemctl suspend
i long to snooze machine, systemctl suspend
i long to snooze my machine, systemctl suspend
i long to snooze system, systemctl suspend
i long to snooze the system, systemctl suspend
i long to snooze kernel, systemctl suspend
volumeup volume, amixer -D pulse sset Master 50%+
volumeup speaker, amixer -D pulse sset Master 50%+
volumeup sound, amixer -D pulse sset Master 50%+
volumeup tone, amixer -D pulse sset Master 50%+
volume up volume, amixer -D pulse sset Master 50%+
volume up speaker, amixer -D pulse sset Master 50%+
volume up sound, amixer -D pulse sset Master 50%+
volume up tone, amixer -D pulse sset Master 50%+
increase volume, amixer -D pulse sset Master 50%+
increase speaker, amixer -D pulse sset Master 50%+
increase sound, amixer -D pulse sset Master 50%+
increase tone, amixer -D pulse sset Master 50%+
boost volume, amixer -D pulse sset Master 50%+
boost speaker, amixer -D pulse sset Master 50%+
boost sound, amixer -D pulse sset Master 50%+
boost tone, amixer -D pulse sset Master 50%+
inflate volume, amixer -D pulse sset Master 50%+
inflate speaker, amixer -D pulse sset Master 50%+
inflate sound, amixer -D pulse sset Master 50%+
inflate tone, amixer -D pulse sset Master 50%+
escalate volume, amixer -D pulse sset Master 50%+
escalate speaker, amixer -D pulse sset Master 50%+
escalate sound, amixer -D pulse sset Master 50%+
escalate tone, amixer -D pulse sset Master 50%+
raise volume, amixer -D pulse sset Master 50%+
raise speaker, amixer -D pulse sset Master 50%+
raise sound, amixer -D pulse sset Master 50%+
raise tone, amixer -D pulse sset Master 50%+
rise volume, amixer -D pulse sset Master 50%+
rise speaker, amixer -D pulse sset Master 50%+
rise sound, amixer -D pulse sset Master 50%+
rise tone, amixer -D pulse sset Master 50%+
double volume, amixer -D pulse sset Master 50%+
double speaker, amixer -D pulse sset Master 50%+
double sound, amixer -D pulse sset Master 50%+
double tone, amixer -D pulse sset Master 50%+
maximize volume, amixer -D pulse sset Master 50%+
maximize speaker, amixer -D pulse sset Master 50%+
maximize sound, amixer -D pulse sset Master 50%+
maximize tone, amixer -D pulse sset Master 50%+
pulse volume, amixer -D pulse sset Master 50%+
pulse speaker, amixer -D pulse sset Master 50%+
pulse sound, amixer -D pulse sset Master 50%+
pulse tone, amixer -D pulse sset Master 50%+
i want to volumeup volume, amixer -D pulse sset Master 50%+
i want to volumeup speaker, amixer -D pulse sset Master 50%+
i want to volumeup sound, amixer -D pulse sset Master 50%+
i want to volumeup tone, amixer -D pulse sset Master 50%+
i want to volume up volume, amixer -D pulse sset Master 50%+
i want to volume up speaker, amixer -D pulse sset Master 50%+
i want to volume up sound, amixer -D pulse sset Master 50%+
i want to volume up tone, amixer -D pulse sset Master 50%+
i want to increase volume, amixer -D pulse sset Master 50%+
i want to increase speaker, amixer -D pulse sset Master 50%+
i want to increase sound, amixer -D pulse sset Master 50%+
i want to increase tone, amixer -D pulse sset Master 50%+
i want to boost volume, amixer -D pulse sset Master 50%+
i want to boost speaker, amixer -D pulse sset Master 50%+
i want to boost sound, amixer -D pulse sset Master 50%+
i want to boost tone, amixer -D pulse sset Master 50%+
i want to inflate volume, amixer -D pulse sset Master 50%+
i want to inflate speaker, amixer -D pulse sset Master 50%+
i want to inflate sound, amixer -D pulse sset Master 50%+
i want to inflate tone, amixer -D pulse sset Master 50%+
i want to escalate volume, amixer -D pulse sset Master 50%+
i want to escalate speaker, amixer -D pulse sset Master 50%+
i want to escalate sound, amixer -D pulse sset Master 50%+
i want to escalate tone, amixer -D pulse sset Master 50%+
i want to raise volume, amixer -D pulse sset Master 50%+
i want to raise speaker, amixer -D pulse sset Master 50%+
i want to raise sound, amixer -D pulse sset Master 50%+
i want to raise tone, amixer -D pulse sset Master 50%+
i want to rise volume, amixer -D pulse sset Master 50%+
i want to rise speaker, amixer -D pulse sset Master 50%+
i want to rise sound, amixer -D pulse sset Master 50%+
i want to rise tone, amixer -D pulse sset Master 50%+
i want to double volume, amixer -D pulse sset Master 50%+
i want to double speaker, amixer -D pulse sset Master 50%+
i want to double sound, amixer -D pulse sset Master 50%+
i want to double tone, amixer -D pulse sset Master 50%+
i want to maximize volume, amixer -D pulse sset Master 50%+
i want to maximize speaker, amixer -D pulse sset Master 50%+
i want to maximize sound, amixer -D pulse sset Master 50%+
i want to maximize tone, amixer -D pulse sset Master 50%+
i want to pulse volume, amixer -D pulse sset Master 50%+
i want to pulse speaker, amixer -D pulse sset Master 50%+
i want to pulse sound, amixer -D pulse sset Master 50%+
i want to pulse tone, amixer -D pulse sset Master 50%+
i need to volumeup volume, amixer -D pulse sset Master 50%+
i need to volumeup speaker, amixer -D pulse sset Master 50%+
i need to volumeup sound, amixer -D pulse sset Master 50%+
i need to volumeup tone, amixer -D pulse sset Master 50%+
i need to volume up volume, amixer -D pulse sset Master 50%+
i need to volume up speaker, amixer -D pulse sset Master 50%+
i need to volume up sound, amixer -D pulse sset Master 50%+
i need to volume up tone, amixer -D pulse sset Master 50%+
i need to increase volume, amixer -D pulse sset Master 50%+
i need to increase speaker, amixer -D pulse sset Master 50%+
i need to increase sound, amixer -D pulse sset Master 50%+
i need to increase tone, amixer -D pulse sset Master 50%+
i need to boost volume, amixer -D pulse sset Master 50%+
i need to boost speaker, amixer -D pulse sset Master 50%+
i need to boost sound, amixer -D pulse sset Master 50%+
i need to boost tone, amixer -D pulse sset Master 50%+
i need to inflate volume, amixer -D pulse sset Master 50%+
i need to inflate speaker, amixer -D pulse sset Master 50%+
i need to inflate sound, amixer -D pulse sset Master 50%+
i need to inflate tone, amixer -D pulse sset Master 50%+
i need to escalate volume, amixer -D pulse sset Master 50%+
i need to escalate speaker, amixer -D pulse sset Master 50%+
i need to escalate sound, amixer -D pulse sset Master 50%+
i need to escalate tone, amixer -D pulse sset Master 50%+
i need to raise volume, amixer -D pulse sset Master 50%+
i need to raise speaker, amixer -D pulse sset Master 50%+
i need to raise sound, amixer -D pulse sset Master 50%+
i need to raise tone, amixer -D pulse sset Master 50%+
i need to rise volume, amixer -D pulse sset Master 50%+
i need to rise speaker, amixer -D pulse sset Master 50%+
i need to rise sound, amixer -D pulse sset Master 50%+
i need to rise tone, amixer -D pulse sset Master 50%+
i need to double volume, amixer -D pulse sset Master 50%+
i need to double speaker, amixer -D pulse sset Master 50%+
i need to double sound, amixer -D pulse sset Master 50%+
i need to double tone, amixer -D pulse sset Master 50%+
i need to maximize volume, amixer -D pulse sset Master 50%+
i need to maximize speaker, amixer -D pulse sset Master 50%+
i need to maximize sound, amixer -D pulse sset Master 50%+
i need to maximize tone, amixer -D pulse sset Master 50%+
i need to pulse volume, amixer -D pulse sset Master 50%+
i need to pulse speaker, amixer -D pulse sset Master 50%+
i need to pulse sound, amixer -D pulse sset Master 50%+
i need to pulse tone, amixer -D pulse sset Master 50%+
i wish to volumeup volume, amixer -D pulse sset Master 50%+
i wish to volumeup speaker, amixer -D pulse sset Master 50%+
i wish to volumeup sound, amixer -D pulse sset Master 50%+
i wish to volumeup tone, amixer -D pulse sset Master 50%+
i wish to volume up volume, amixer -D pulse sset Master 50%+
i wish to volume up speaker, amixer -D pulse sset Master 50%+
i wish to volume up sound, amixer -D pulse sset Master 50%+
i wish to volume up tone, amixer -D pulse sset Master 50%+
i wish to increase volume, amixer -D pulse sset Master 50%+
i wish to increase speaker, amixer -D pulse sset Master 50%+
i wish to increase sound, amixer -D pulse sset Master 50%+
i wish to increase tone, amixer -D pulse sset Master 50%+
i wish to boost volume, amixer -D pulse sset Master 50%+
i wish to boost speaker, amixer -D pulse sset Master 50%+
i wish to boost sound, amixer -D pulse sset Master 50%+
i wish to boost tone, amixer -D pulse sset Master 50%+
i wish to inflate volume, amixer -D pulse sset Master 50%+
i wish to inflate speaker, amixer -D pulse sset Master 50%+
i wish to inflate sound, amixer -D pulse sset Master 50%+
i wish to inflate tone, amixer -D pulse sset Master 50%+
i wish to escalate volume, amixer -D pulse sset Master 50%+
i wish to escalate speaker, amixer -D pulse sset Master 50%+
i wish to escalate sound, amixer -D pulse sset Master 50%+
i wish to escalate tone, amixer -D pulse sset Master 50%+
i wish to raise volume, amixer -D pulse sset Master 50%+
i wish to raise speaker, amixer -D pulse sset Master 50%+
i wish to raise sound, amixer -D pulse sset Master 50%+
i wish to raise tone, amixer -D pulse sset Master 50%+
i wish to rise volume, amixer -D pulse sset Master 50%+
i wish to rise speaker, amixer -D pulse sset Master 50%+
i wish to rise sound, amixer -D pulse sset Master 50%+
i wish to rise tone, amixer -D pulse sset Master 50%+
i wish to double volume, amixer -D pulse sset Master 50%+
i wish to double speaker, amixer -D pulse sset Master 50%+
i wish to double sound, amixer -D pulse sset Master 50%+
i wish to double tone, amixer -D pulse sset Master 50%+
i wish to maximize volume, amixer -D pulse sset Master 50%+
i wish to maximize speaker, amixer -D pulse sset Master 50%+
i wish to maximize sound, amixer -D pulse sset Master 50%+
i wish to maximize tone, amixer -D pulse sset Master 50%+
i wish to pulse volume, amixer -D pulse sset Master 50%+
i wish to pulse speaker, amixer -D pulse sset Master 50%+
i wish to pulse sound, amixer -D pulse sset Master 50%+
i wish to pulse tone, amixer -D pulse sset Master 50%+
i demand to volumeup volume, amixer -D pulse sset Master 50%+
i demand to volumeup speaker, amixer -D pulse sset Master 50%+
i demand to volumeup sound, amixer -D pulse sset Master 50%+
i demand to volumeup tone, amixer -D pulse sset Master 50%+
i demand to volume up volume, amixer -D pulse sset Master 50%+
i demand to volume up speaker, amixer -D pulse sset Master 50%+
i demand to volume up sound, amixer -D pulse sset Master 50%+
i demand to volume up tone, amixer -D pulse sset Master 50%+
i demand to increase volume, amixer -D pulse sset Master 50%+
i demand to increase speaker, amixer -D pulse sset Master 50%+
i demand to increase sound, amixer -D pulse sset Master 50%+
i demand to increase tone, amixer -D pulse sset Master 50%+
i demand to boost volume, amixer -D pulse sset Master 50%+
i demand to boost speaker, amixer -D pulse sset Master 50%+
i demand to boost sound, amixer -D pulse sset Master 50%+
i demand to boost tone, amixer -D pulse sset Master 50%+
i demand to inflate volume, amixer -D pulse sset Master 50%+
i demand to inflate speaker, amixer -D pulse sset Master 50%+
i demand to inflate sound, amixer -D pulse sset Master 50%+
i demand to inflate tone, amixer -D pulse sset Master 50%+
i demand to escalate volume, amixer -D pulse sset Master 50%+
i demand to escalate speaker, amixer -D pulse sset Master 50%+
i demand to escalate sound, amixer -D pulse sset Master 50%+
i demand to escalate tone, amixer -D pulse sset Master 50%+
i demand to raise volume, amixer -D pulse sset Master 50%+
i demand to raise speaker, amixer -D pulse sset Master 50%+
i demand to raise sound, amixer -D pulse sset Master 50%+
i demand to raise tone, amixer -D pulse sset Master 50%+
i demand to rise volume, amixer -D pulse sset Master 50%+
i demand to rise speaker, amixer -D pulse sset Master 50%+
i demand to rise sound, amixer -D pulse sset Master 50%+
i demand to rise tone, amixer -D pulse sset Master 50%+
i demand to double volume, amixer -D pulse sset Master 50%+
i demand to double speaker, amixer -D pulse sset Master 50%+
i demand to double sound, amixer -D pulse sset Master 50%+
i demand to double tone, amixer -D pulse sset Master 50%+
i demand to maximize volume, amixer -D pulse sset Master 50%+
i demand to maximize speaker, amixer -D pulse sset Master 50%+
i demand to maximize sound, amixer -D pulse sset Master 50%+
i demand to maximize tone, amixer -D pulse sset Master 50%+
i demand to pulse volume, amixer -D pulse sset Master 50%+
i demand to pulse speaker, amixer -D pulse sset Master 50%+
i demand to pulse sound, amixer -D pulse sset Master 50%+
i demand to pulse tone, amixer -D pulse sset Master 50%+
i long to volumeup volume, amixer -D pulse sset Master 50%+
i long to volumeup speaker, amixer -D pulse sset Master 50%+
i long to volumeup sound, amixer -D pulse sset Master 50%+
i long to volumeup tone, amixer -D pulse sset Master 50%+
i long to volume up volume, amixer -D pulse sset Master 50%+
i long to volume up speaker, amixer -D pulse sset Master 50%+
i long to volume up sound, amixer -D pulse sset Master 50%+
i long to volume up tone, amixer -D pulse sset Master 50%+
i long to increase volume, amixer -D pulse sset Master 50%+
i long to increase speaker, amixer -D pulse sset Master 50%+
i long to increase sound, amixer -D pulse sset Master 50%+
i long to increase tone, amixer -D pulse sset Master 50%+
i long to boost volume, amixer -D pulse sset Master 50%+
i long to boost speaker, amixer -D pulse sset Master 50%+
i long to boost sound, amixer -D pulse sset Master 50%+
i long to boost tone, amixer -D pulse sset Master 50%+
i long to inflate volume, amixer -D pulse sset Master 50%+
i long to inflate speaker, amixer -D pulse sset Master 50%+
i long to inflate sound, amixer -D pulse sset Master 50%+
i long to inflate tone, amixer -D pulse sset Master 50%+
i long to escalate volume, amixer -D pulse sset Master 50%+
i long to escalate speaker, amixer -D pulse sset Master 50%+
i long to escalate sound, amixer -D pulse sset Master 50%+
i long to escalate tone, amixer -D pulse sset Master 50%+
i long to raise volume, amixer -D pulse sset Master 50%+
i long to raise speaker, amixer -D pulse sset Master 50%+
i long to raise sound, amixer -D pulse sset Master 50%+
i long to raise tone, amixer -D pulse sset Master 50%+
i long to rise volume, amixer -D pulse sset Master 50%+
i long to rise speaker, amixer -D pulse sset Master 50%+
i long to rise sound, amixer -D pulse sset Master 50%+
i long to rise tone, amixer -D pulse sset Master 50%+
i long to double volume, amixer -D pulse sset Master 50%+
i long to double speaker, amixer -D pulse sset Master 50%+
i long to double sound, amixer -D pulse sset Master 50%+
i long to double tone, amixer -D pulse sset Master 50%+
i long to maximize volume, amixer -D pulse sset Master 50%+
i long to maximize speaker, amixer -D pulse sset Master 50%+
i long to maximize sound, amixer -D pulse sset Master 50%+
i long to maximize tone, amixer -D pulse sset Master 50%+
i long to pulse volume, amixer -D pulse sset Master 50%+
i long to pulse speaker, amixer -D pulse sset Master 50%+
i long to pulse sound, amixer -D pulse sset Master 50%+
i long to pulse tone, amixer -D pulse sset Master 50%+
volumedown volume, amixer -D pulse sset Master 50%-
volumedown speaker, amixer -D pulse sset Master 50%-
volumedown sound, amixer -D pulse sset Master 50%-
volumedown tone, amixer -D pulse sset Master 50%-
volume down volume, amixer -D pulse sset Master 50%-
volume down speaker, amixer -D pulse sset Master 50%-
volume down sound, amixer -D pulse sset Master 50%-
volume down tone, amixer -D pulse sset Master 50%-
decrease volume, amixer -D pulse sset Master 50%-
decrease speaker, amixer -D pulse sset Master 50%-
decrease sound, amixer -D pulse sset Master 50%-
decrease tone, amixer -D pulse sset Master 50%-
down volume, amixer -D pulse sset Master 50%-
down speaker, amixer -D pulse sset Master 50%-
down sound, amixer -D pulse sset Master 50%-
down tone, amixer -D pulse sset Master 50%-
discount volume, amixer -D pulse sset Master 50%-
discount speaker, amixer -D pulse sset Master 50%-
discount sound, amixer -D pulse sset Master 50%-
discount tone, amixer -D pulse sset Master 50%-
drop volume, amixer -D pulse sset Master 50%-
drop speaker, amixer -D pulse sset Master 50%-
drop sound, amixer -D pulse sset Master 50%-
drop tone, amixer -D pulse sset Master 50%-
downgrade volume, amixer -D pulse sset Master 50%-
downgrade speaker, amixer -D pulse sset Master 50%-
downgrade sound, amixer -D pulse sset Master 50%-
downgrade tone, amixer -D pulse sset Master 50%-
i want to volumedown volume, amixer -D pulse sset Master 50%-
i want to volumedown speaker, amixer -D pulse sset Master 50%-
i want to volumedown sound, amixer -D pulse sset Master 50%-
i want to volumedown tone, amixer -D pulse sset Master 50%-
i want to volume down volume, amixer -D pulse sset Master 50%-
i want to volume down speaker, amixer -D pulse sset Master 50%-
i want to volume down sound, amixer -D pulse sset Master 50%-
i want to volume down tone, amixer -D pulse sset Master 50%-
i want to decrease volume, amixer -D pulse sset Master 50%-
i want to decrease speaker, amixer -D pulse sset Master 50%-
i want to decrease sound, amixer -D pulse sset Master 50%-
i want to decrease tone, amixer -D pulse sset Master 50%-
i want to down volume, amixer -D pulse sset Master 50%-
i want to down speaker, amixer -D pulse sset Master 50%-
i want to down sound, amixer -D pulse sset Master 50%-
i want to down tone, amixer -D pulse sset Master 50%-
i want to discount volume, amixer -D pulse sset Master 50%-
i want to discount speaker, amixer -D pulse sset Master 50%-
i want to discount sound, amixer -D pulse sset Master 50%-
i want to discount tone, amixer -D pulse sset Master 50%-
i want to drop volume, amixer -D pulse sset Master 50%-
i want to drop speaker, amixer -D pulse sset Master 50%-
i want to drop sound, amixer -D pulse sset Master 50%-
i want to drop tone, amixer -D pulse sset Master 50%-
i want to downgrade volume, amixer -D pulse sset Master 50%-
i want to downgrade speaker, amixer -D pulse sset Master 50%-
i want to downgrade sound, amixer -D pulse sset Master 50%-
i want to downgrade tone, amixer -D pulse sset Master 50%-
i need to volumedown volume, amixer -D pulse sset Master 50%-
i need to volumedown speaker, amixer -D pulse sset Master 50%-
i need to volumedown sound, amixer -D pulse sset Master 50%-
i need to volumedown tone, amixer -D pulse sset Master 50%-
i need to volume down volume, amixer -D pulse sset Master 50%-
i need to volume down speaker, amixer -D pulse sset Master 50%-
i need to volume down sound, amixer -D pulse sset Master 50%-
i need to volume down tone, amixer -D pulse sset Master 50%-
i need to decrease volume, amixer -D pulse sset Master 50%-
i need to decrease speaker, amixer -D pulse sset Master 50%-
i need to decrease sound, amixer -D pulse sset Master 50%-
i need to decrease tone, amixer -D pulse sset Master 50%-
i need to down volume, amixer -D pulse sset Master 50%-
i need to down speaker, amixer -D pulse sset Master 50%-
i need to down sound, amixer -D pulse sset Master 50%-
i need to down tone, amixer -D pulse sset Master 50%-
i need to discount volume, amixer -D pulse sset Master 50%-
i need to discount speaker, amixer -D pulse sset Master 50%-
i need to discount sound, amixer -D pulse sset Master 50%-
i need to discount tone, amixer -D pulse sset Master 50%-
i need to drop volume, amixer -D pulse sset Master 50%-
i need to drop speaker, amixer -D pulse sset Master 50%-
i need to drop sound, amixer -D pulse sset Master 50%-
i need to drop tone, amixer -D pulse sset Master 50%-
i need to downgrade volume, amixer -D pulse sset Master 50%-
i need to downgrade speaker, amixer -D pulse sset Master 50%-
i need to downgrade sound, amixer -D pulse sset Master 50%-
i need to downgrade tone, amixer -D pulse sset Master 50%-
i wish to volumedown volume, amixer -D pulse sset Master 50%-
i wish to volumedown speaker, amixer -D pulse sset Master 50%-
i wish to volumedown sound, amixer -D pulse sset Master 50%-
i wish to volumedown tone, amixer -D pulse sset Master 50%-
i wish to volume down volume, amixer -D pulse sset Master 50%-
i wish to volume down speaker, amixer -D pulse sset Master 50%-
i wish to volume down sound, amixer -D pulse sset Master 50%-
i wish to volume down tone, amixer -D pulse sset Master 50%-
i wish to decrease volume, amixer -D pulse sset Master 50%-
i wish to decrease speaker, amixer -D pulse sset Master 50%-
i wish to decrease sound, amixer -D pulse sset Master 50%-
i wish to decrease tone, amixer -D pulse sset Master 50%-
i wish to down volume, amixer -D pulse sset Master 50%-
i wish to down speaker, amixer -D pulse sset Master 50%-
i wish to down sound, amixer -D pulse sset Master 50%-
i wish to down tone, amixer -D pulse sset Master 50%-
i wish to discount volume, amixer -D pulse sset Master 50%-
i wish to discount speaker, amixer -D pulse sset Master 50%-
i wish to discount sound, amixer -D pulse sset Master 50%-
i wish to discount tone, amixer -D pulse sset Master 50%-
i wish to drop volume, amixer -D pulse sset Master 50%-
i wish to drop speaker, amixer -D pulse sset Master 50%-
i wish to drop sound, amixer -D pulse sset Master 50%-
i wish to drop tone, amixer -D pulse sset Master 50%-
i wish to downgrade volume, amixer -D pulse sset Master 50%-
i wish to downgrade speaker, amixer -D pulse sset Master 50%-
i wish to downgrade sound, amixer -D pulse sset Master 50%-
i wish to downgrade tone, amixer -D pulse sset Master 50%-
i demand to volumedown volume, amixer -D pulse sset Master 50%-
i demand to volumedown speaker, amixer -D pulse sset Master 50%-
i demand to volumedown sound, amixer -D pulse sset Master 50%-
i demand to volumedown tone, amixer -D pulse sset Master 50%-
i demand to volume down volume, amixer -D pulse sset Master 50%-
i demand to volume down speaker, amixer -D pulse sset Master 50%-
i demand to volume down sound, amixer -D pulse sset Master 50%-
i demand to volume down tone, amixer -D pulse sset Master 50%-
i demand to decrease volume, amixer -D pulse sset Master 50%-
i demand to decrease speaker, amixer -D pulse sset Master 50%-
i demand to decrease sound, amixer -D pulse sset Master 50%-
i demand to decrease tone, amixer -D pulse sset Master 50%-
i demand to down volume, amixer -D pulse sset Master 50%-
i demand to down speaker, amixer -D pulse sset Master 50%-
i demand to down sound, amixer -D pulse sset Master 50%-
i demand to down tone, amixer -D pulse sset Master 50%-
i demand to discount volume, amixer -D pulse sset Master 50%-
i demand to discount speaker, amixer -D pulse sset Master 50%-
i demand to discount sound, amixer -D pulse sset Master 50%-
i demand to discount tone, amixer -D pulse sset Master 50%-
i demand to drop volume, amixer -D pulse sset Master 50%-
i demand to drop speaker, amixer -D pulse sset Master 50%-
i demand to drop sound, amixer -D pulse sset Master 50%-
i demand to drop tone, amixer -D pulse sset Master 50%-
i demand to downgrade volume, amixer -D pulse sset Master 50%-
i demand to downgrade speaker, amixer -D pulse sset Master 50%-
i demand to downgrade sound, amixer -D pulse sset Master 50%-
i demand to downgrade tone, amixer -D pulse sset Master 50%-
i long to volumedown volume, amixer -D pulse sset Master 50%-
i long to volumedown speaker, amixer -D pulse sset Master 50%-
i long to volumedown sound, amixer -D pulse sset Master 50%-
i long to volumedown tone, amixer -D pulse sset Master 50%-
i long to volume down volume, amixer -D pulse sset Master 50%-
i long to volume down speaker, amixer -D pulse sset Master 50%-
i long to volume down sound, amixer -D pulse sset Master 50%-
i long to volume down tone, amixer -D pulse sset Master 50%-
i long to decrease volume, amixer -D pulse sset Master 50%-
i long to decrease speaker, amixer -D pulse sset Master 50%-
i long to decrease sound, amixer -D pulse sset Master 50%-
i long to decrease tone, amixer -D pulse sset Master 50%-
i long to down volume, amixer -D pulse sset Master 50%-
i long to down speaker, amixer -D pulse sset Master 50%-
i long to down sound, amixer -D pulse sset Master 50%-
i long to down tone, amixer -D pulse sset Master 50%-
i long to discount volume, amixer -D pulse sset Master 50%-
i long to discount speaker, amixer -D pulse sset Master 50%-
i long to discount sound, amixer -D pulse sset Master 50%-
i long to discount tone, amixer -D pulse sset Master 50%-
i long to drop volume, amixer -D pulse sset Master 50%-
i long to drop speaker, amixer -D pulse sset Master 50%-
i long to drop sound, amixer -D pulse sset Master 50%-
i long to drop tone, amixer -D pulse sset Master 50%-
i long to downgrade volume, amixer -D pulse sset Master 50%-
i long to downgrade speaker, amixer -D pulse sset Master 50%-
i long to downgrade sound, amixer -D pulse sset Master 50%-
i long to downgrade tone, amixer -D pulse sset Master 50%-
